
<entity bz="19189" motionZ="0" anim="Create" displayName="0" class="Player" item_id="30002" motionX="0" onGround="true" bx="19193" facing="1.2745523452759" rotationYaw="1.2745523452759" by="5" name="default" motionY="0">
	<inventory handtool_bagpos="8">
		<slot/>
		<slot/>
		<slot/>
		<slot/>
		<slot/>
		<slot/>
		<slot count="1" id="17"/>
		<slot count="1" id="10054"/>
		<slot count="1" id="17"/>
		<slot count="1" id="10059"/>
		<slot count="3" id="52"/>
		<slot count="1" id="10053"/>
		<slot count="1" id="159"/>
	</inventory>
	<teleport_list>{}
	</teleport_list>
	<abilities/>
</entity>